<?xml version="1.0" encoding="UTF-8"?>
<!DOCTYPE mapper PUBLIC "-//mybatis.org//DTD Mapper 3.0//EN" "http://mybatis.org/dtd/mybatis-3-mapper.dtd" >
<mapper namespace="edu.kh.todo.model.mapper.TodoMapper"> 
	<!-- 인터페이스와 연결 -->
    <!--  "Mapper 인터페이스 경로 작성(필수)" -->
    
	<!-- 아래 태그는 mapper.xml 파일 만들자 마자 삭제!! -->
  	<!-- <cache-ref namespace=""/> -->
  	
  	<!-- 
  		연결된 인터페이스의 selectAll 메서드와 연결됨
  		-> 연결된 메서드 호출 시 연결된 SQL실행 
  	 -->
  	 
  	
 	<!-- 
		mapper에서 java data(파라미터)를 SQL에 삽입하는 방법
		
		1) #{변수명 | 필드명} : SQL에 삽입 시 양쪽에 '' 붙여서 삽입
		
		ex) MEMBER_EMAIL = #{memberEmail} -> 'member01@naver.com'
		
		=================================================================
		
		2) ${변수명 | 필드명} : SQL에 삽입 시 양쪽에 '' 붙이지 않고 삽입
		
		ex) MEMBER_EMAIL = ${memberEmail}
							-> member01@naver.com  (오류 발생)
							
		??? ${} 언제 사용할까 ???
		1) 삽입할 값이 숫자인 경우 (숫자 리터럴은 '' 없음)
		
		2) SQL문 자체가 변해야 하는 경우에 사용
		
		ex) SELECT MEMBER_NICKNAME, ${key} FROM "MEMBER"
		
		- ${key} == ENROLL_DATE 인 경우
		SELECT MEMBER_NICKNAME, ENROLL_DATE FROM "MEMBER"
		
		- ${key} == MEMBER_ADDRESS 인 경우
		SELECT MEMBER_NICKNAME, MEMBER_ADDRESS FROM "MEMBER"
	 -->
	 
  	
	 <!-- 
	 	select 태그 속성
	 	- id 속성 : 태그를 식별하는 값(연결된 메서드명과 동일하게 작성해서 연결)
	 	
	 	- resultType : 조회 결과의 한 줄(1행)을 저장하여 반환할 변수|객체의 자료형 지정 
	 	
	 	(필드명 == 컬럼명 인 경우 조회 결과가 자동으로 필드에 세팅)
	 	(필드명과 컬럼명이 같아지는 속성을 mybatis-config.xml에 저장함)
	 	(조회 결과가 여러 행이면 행 별로 변수/객체 자료형으로 저장 후 모아서 List로 반환)
	 	
	 	- ParameterType : 전달 받은 값(전달 인자)의 타입을 명시
		  -> DTO, Map인 경우 필드명/key를 입력해서 하나씩 꺼낼 수 있음
	  -->
	 
  	 
  	 
  	 
  	<select id="selectAll" resultType="edu.kh.todo.model.dto.Todo">
  		SELECT TODO_NO, TODO_TITLE, COMPLETE,
  			   TO_CHAR(REG_DATE, 'YYYY-MM-DD HH24:MI:SS')REG_DATE
  		FROM TB_TODO
  		ORDER BY TODO_NO
  	</select>


	<!-- 완료된 할 일 개수 조회 -->
	
	<!-- Java int type의 별칭은 _int -->
	<select id="getCompleteCount" resultType="_int">
		SELECT COUNT(*)
		FROM TB_TODO
		WHERE COMPLETE = 'Y'
	</select>
	
	
	<!-- 
		ParameterType : 전달 받은 값(전달 인자)의 타입을 명시
			-> DTO, Map인 경우 필드명/key를 입력해서 하나씩 꺼낼 수 있음
	 -->
	
  	<!-- 할 일 추가 -->
  	<insert id="addTodo" parameterType="edu.kh.todo.model.dto.Todo">
  		INSERT INTO TB_TODO
		VALUES(SEQ_TODO_NO.NEXTVAL, #{todoTitle}, #{todoContent}, DEFAULT, DEFAULT)
  	</insert>
	
  	<!-- 할 일 상세 조회 -->
  	<!-- Todo(별칭) == edu.kh.todo.model.dto.Todo(원래이름) -->
  	<select id="todoDetail" parameterType="_int" resultType = "Todo">
  		SELECT TODO_NO, TODO_TITLE, TODO_CONTENT, COMPLETE,
			   TO_CHAR(REG_DATE, 'YYYY-MM-DD HH24:MI:SS') REG_DATE
		FROM TB_TODO
		WHERE TODO_NO = #{todoNo}
  	</select>
  	
  	
  	<!-- 할 일 삭제하기 -->
  	<delete id="deleteTodo" parameterType = "_int" >
		DELETE
		FROM TB_TODO
		WHERE TODO_NO = #{todoNo}
  	</delete>
  	
  	<!-- 할 일 수정하기 -->
  	<!-- <update id="todoUpdate" parameterType="edu.kh.todo.model.dto.Todo"> -->
  	
  	<!-- 파라미터가 DTO인 경우 " #{필드명}, ${필드명} -->
  	<!-- 파라미터가 MAP인 경우 " #{key}, ${key} -->
  	<update id="todoUpdate" parameterType="Todo">
  		UPDATE TB_TODO SET
  		TODO_TITLE = #{todoTitle},
  		TODO_CONTENT = #{todoContent}
  		WHERE TODO_NO = #{todoNo}
 	</update>
  	
  	<update id="changeNY" parameterType="Todo">
  		UPDATE TB_TODO SET
		COMPLETE = #{complete}
		WHERE TODO_NO = #{todoNo}
  	</update>
  	
  	<select id="getTotalCount" resultType="_int">
  		SELECT COUNT(*)
  		FROM TB_TODO
  	</select>
  	
</mapper>
